Train Accuracy,Test Accuracy,Train ROC-AUC,Test ROC-AUC,Train Avg Precision,Test Avg Precision,Model
0.9023368740515934,0.8958485069191552,0.8811866349604671,0.7017104285579507,0.4761486503959331,0.321397242197576,KNN
0.8453717754172989,0.8414663753338189,0.7930386237516246,0.7591510802396341,0.44267902907238144,0.40448480773699846,Decision Tree
0.6675265553869499,0.6683661082787085,0.7137653529682676,0.715215192933629,0.3346283493606898,0.33877437330113913,Logistic Regression
